{"cameraMode":{"drawMode":0,"name":"Shaded","section":"Shading Mode"},"sceneLighting":false,"audioPlay":false,"sceneViewState":{"showFog":true,"showMaterialUpdate":true,"showSkybox":true,"showFlares":true,"showImageEffects":true,"showParticleSystems":true},"in2DMode":false,"pivot":{"x":-0.2940990924835205,"y":0.5654475092887878,"z":-0.27429261803627016},"rotation":{"x":-0.1400376707315445,"y":-0.35023894906044009,"z":0.053043294697999957,"w":-0.9246293902397156},"size":0.22717666625976563,"orthographic":false}