{"cameraMode":{"drawMode":0,"name":"Shaded","section":"Shading Mode"},"sceneLighting":true,"audioPlay":false,"sceneViewState":{"showFog":false,"showMaterialUpdate":false,"showSkybox":false,"showFlares":false,"showImageEffects":false,"showParticleSystems":false},"in2DMode":false,"pivot":{"x":0.3809550404548645,"y":0.6384755373001099,"z":0.27861154079437258},"rotation":{"x":-0.11619217693805695,"y":0.8271022439002991,"z":-0.18565912544727326,"w":-0.51762855052948},"size":0.01490330696105957,"orthographic":false}