{"cameraMode":{"drawMode":0,"name":"Shaded","section":"Shading Mode"},"sceneLighting":false,"audioPlay":false,"sceneViewState":{"showFog":false,"showMaterialUpdate":false,"showSkybox":false,"showFlares":false,"showImageEffects":false,"showParticleSystems":false},"in2DMode":false,"pivot":{"x":0.003337070345878601,"y":0.08602911233901978,"z":0.017471008002758027},"rotation":{"x":-0.05692920833826065,"y":0.8797127604484558,"z":-0.10902975499629975,"w":-0.45932918787002566},"size":0.1770573854446411,"orthographic":false}